Test,N,β,p-value,R²
All Statements,1202,0.0006126483001810128,0.6546921437761354,0.4566367366810409
Employment Only,1125,-0.001848812033241646,0.4271544867606637,0.34663247996270996
