Era,Coefficient,P-value
Normalization,0.01002727213817034,0.3222284690072077
Pre-Crisis,0.018275649195253374,0.510389360764534
Zero Lower Bound,0.0012155610568105324,0.41032044168331017
