Model,β (Unemployment Gap),p-value,Pseudo R²
Unemployment Only,-1.0430763288488292,1.4907538487880938e-07,0.13509063951932598
Year FE,-0.8264063769475076,2.617332391926351e-05,0.3873884827123051
