Variable,β,p-value
Voted Against Majority,-0.0029434459043592882,0.6567652191516447
Unemployment Gap,-0.004041132211882514,0.24653654238205014
Vote × Unemployment,-0.010408119723698237,0.0015232766147884277
